<Ui xmlns="http://www.blizzard.com/wow/ui/" xmlns:xsi="http://www.w3.org/2001/XMLSchema-instance"
    xsi:schemaLocation="http://www.blizzard.com/wow/ui/../../../BlizzardInterfaceCode/UI.xsd">
    <Script file="Lootalert.lua" />

    <Frame name="LoLaMain" parent="UIParent" movable="true" enableMouse="true">
        <Size>
            <AbsDimension x="288" y="518" />
        </Size>
        <Backdrop bgFile="Interface\DialogFrame\UI-DialogBox-Background"
            edgeFile="Interface\DialogFrame\UI-DialogBox-Border" tile="true">
            <BackgroundInsets>
                <AbsInset left="4" right="4" top="4" bottom="4" />
            </BackgroundInsets>
            <TileSize>
                <AbsValue val="16" />
            </TileSize>
            <EdgeSize>
                <AbsValue val="16" />
            </EdgeSize>
        </Backdrop>
        <Scripts>
            <OnMouseDown function="lola_start_moving" />
            <OnMouseUp function="lola_savePosition" />
            <OnLoad function="lola_onLoad" />
            <OnEvent function="lola_OnEvent" />
        </Scripts>
        <Frames>
            <Button name="$parent_Close" parentKey="close" inherits="UIPanelCloseButton">
                <Anchors>
                    <Anchor point="TOPRIGHT">
                        <Offset x="0" y="0" />
                    </Anchor>
                </Anchors>
            </Button>

            <Frame name="lola_wish_frame" inherits="ItemScrollFrameTemplate">
                <Anchors>
                    <Anchor point="TOPLEFT" relativePoint="TOPLEFT">
                        <Offset>
                            <AbsDimension x="6" y="-24" />
                        </Offset>
                    </Anchor>
                </Anchors>
            </Frame>
        
            <EditBox name="edtWish" parent="LoLaMain" inherits="InputBoxTemplate">
                <Size x="170" y="20" />
                <Anchors>
                    <Anchor point="TOPLEFT" relativePoint="BOTTOMLEFT" relativeto="lola_wish_frame">
                        <Offset>
                            <AbsDimension x="8" y="2" />
                        </Offset>
                    </Anchor>
                </Anchors>
                <Scripts>
                    <OnLoad>
                        self:SetAutoFocus(false)
                    </OnLoad>
                </Scripts>
            </EditBox>
            <Button name="btnAdd" inherits="UIPanelButtonTemplate" text="Add">
                <Size x="60" y="21" />
                <Anchors>
                    <Anchor point="TOPLEFT" relativeto="edtWish" relativepoint="TOPRIGHT">
                        <Offset>
                            <AbsDimension x="0" y="0" />
                        </Offset>
                    </Anchor>
                </Anchors>
                <Scripts>
                    <OnLoad>
                    </OnLoad>
                    <OnClick function="lola_btnAdd_click" />
                </Scripts>
            </Button>
            <Button name="btnScan" inherits="UIPanelButtonTemplate" text="Scan">
                <Size x="40" y="21" />
                <Anchors>
                    <Anchor point="TOPLEFT" relativeto="btnAdd" relativepoint="TOPRIGHT">
                        <Offset>
                            <AbsDimension x="0" y="0" />
                        </Offset>
                    </Anchor>
                </Anchors>
                <Scripts>
                    <OnLoad>
                    </OnLoad>
                    <OnClick function="lola_btnscan_click" />
                </Scripts>
            </Button>

            <Frame name="lola_looted" inherits="ItemScrollFrameTemplate">
                <Anchors>
                    <Anchor point="TOPLEFT" relativePoint="BOTTOMLEFT" relativeto="edtWish">
                        <Offset>
                            <AbsDimension x="-8" y="0" />
                        </Offset>
                    </Anchor>
                </Anchors>
            </Frame>

            <!-- <Button name="lola_loot_tab" inherits="CharacterFrameTabButtonTemplate" text="Loot">
                <Anchors>
                    <Anchor point="TOP" relativePoint="BOTTOM">
                        <Offset>
                            <AbsDimension x="-80" y="0" />
                        </Offset>
                    </Anchor>
                </Anchors>
            </Button>
            <Button name="lola_Db_tab" inherits="CharacterFrameTabButtonTemplate" text="Item DB">
                <Anchors>
                    <Anchor point="TOP" relativePoint="BOTTOM">
                        <Offset>
                            <AbsDimension x="80" y="0" />
                        </Offset>
                    </Anchor>
                </Anchors>
            </Button> -->

        </Frames>

        <Layers>
            <Layer level="ARTWORK">
                <Texture name="$parenttitle" file="Interface\DialogFrame\UI-DialogBox-Header">
                    <Size>
                        <AbsDimension x="400" y="64" />
                    </Size>
                    <Anchors>
                        <Anchor point="TOP">
                            <Offset>
                                <AbsDimension x="0" y="12" />
                            </Offset>
                        </Anchor>
                    </Anchors>
                </Texture>
                <FontString inherits="GameFontNormal" text="Wunschliste">
                    <Anchors>
                        <Anchor point="TOP" relativeTo="$parenttitle">
                            <Offset>
                                <AbsDimension x="0" y="-13" />
                            </Offset>
                        </Anchor>
                    </Anchors>
                </FontString>
            </Layer>
        </Layers>
    </Frame>
</Ui>